<?xml version="1.0" encoding="UTF-8"?>
<beans xmlns="http://www.springframework.org/schema/beans"
	xmlns:context="http://www.springframework.org/schema/context" xmlns:tx="http://www.springframework.org/schema/tx"
	xmlns:security="http://www.springframework.org/schema/security"
	xmlns:xsi="http://www.w3.org/2001/XMLSchema-instance"
	xsi:schemaLocation="http://www.springframework.org/schema/beans
        http://www.springframework.org/schema/beans/spring-beans-4.1.xsd
        http://www.springframework.org/schema/context
        http://www.springframework.org/schema/context/spring-context-4.1.xsd
        http://www.springframework.org/schema/tx
        http://www.springframework.org/schema/tx/spring-tx-4.1.xsd
        http://www.springframework.org/schema/security
http://www.springframework.org/schema/security/spring-security.xsd">

	<bean id="dataSource" class="org.apache.tomcat.jdbc.pool.DataSource"
		destroy-method="close">
		<property name="driverClassName" value="org.postgresql.Driver" />
		<property name="url" value="jdbc:postgresql://localhost:5432/csjobs" />
		<property name="username" value="csjobs" />
		<property name="password" value="abcd" />
		<property name="initialSize" value="1" />
	</bean>

	<bean id="entityManagerFactory"
		class="org.springframework.orm.jpa.LocalContainerEntityManagerFactoryBean">
		<property name="persistenceUnitName" value="csjobs" />
		<property name="dataSource" ref="dataSource" />
	</bean>

	<bean id="transactionManager" class="org.springframework.orm.jpa.JpaTransactionManager">
		<property name="entityManagerFactory" ref="entityManagerFactory" />
	</bean>

	<bean
		class="org.springframework.dao.annotation.PersistenceExceptionTranslationPostProcessor" />
		<tx:annotation-driven />
	
	<security:authentication-manager>
		<security:authentication-provider user-service-ref="userService">
		
			</security:authentication-provider>
	</security:authentication-manager>
	<bean id="SuccessHandler" class="csjobs.security.AuthenticationSuccessHandler"></bean>
	<security:http auto-config="true" use-expressions="true">
    <security:intercept-url pattern="/admin.*"  access="authenticated and principal.admin" />
    <security:intercept-url pattern="/addjob.*"  access="authenticated and principal.admin" />
    <security:intercept-url pattern="/editjob.*"  access="authenticated and principal.admin" />
    <security:intercept-url pattern="/reviewer.*"  access="authenticated and principal.reviewer"/>
    <security:intercept-url pattern="/application/view.*"  access="authenticated"/>
    <security:intercept-url pattern="/application/addDegree.*"  access="authenticated and principal.applicant"/>
    <security:intercept-url pattern="/application/apply.*"  access="authenticated and principal.applicant"/>
    <security:intercept-url pattern="/job/viewjob.*"  access="authenticated and principal.admin"/>
    <security:intercept-url pattern="/viewApplicants.*"  access="authenticated and principal.admin or principal.reviewer"/>
    <security:intercept-url pattern="/applicant.*"  access="authenticated and principal.applicant"/>
    
    
     <security:logout logout-success-url="/"/> 
      <security:form-login
      login-page="/login.html"
      authentication-success-handler-ref="SuccessHandler"/>
      <security:csrf/> 
</security:http>

<security:global-method-security pre-post-annotations="enabled" />


	<context:annotation-config />

	

	<context:component-scan base-package="csjobs" />

</beans>
