<?xml version="1.0" encoding="UTF-8" ?>
<!DOCTYPE log4j:configuration SYSTEM "log4j.dtd">
<log4j:configuration xmlns:log4j="http://jakarta.apache.org/log4j/">

    <appender name="stdout" class="org.apache.log4j.ConsoleAppender">
        <layout class="org.apache.log4j.PatternLayout">
            <param name="ConversionPattern" value="%d{ISO8601} %p %C: %m%n" />
        </layout>
    </appender>

    <appender name="file" class="org.apache.log4j.FileAppender">
        <param name="File" value="csjobs.log" />
        <layout class="org.apache.log4j.PatternLayout">
            <param name="ConversionPattern" value="%d{ISO8601} %p %C: %m%n" />
        </layout>
    </appender>

    <logger name="csjobs">
        <level value="debug" />
    </logger>

    <root>
        <level value="warn" />
        <appender-ref ref="stdout" />
    </root>

</log4j:configuration>
